-- MySQL Script generated by MySQL Workbench
-- Tue Oct  5 14:46:29 2021
-- Model: New Model    Version: 1.0
-- MySQL Workbench Forward Engineering

SET @OLD_UNIQUE_CHECKS=@@UNIQUE_CHECKS, UNIQUE_CHECKS=0;
SET @OLD_FOREIGN_KEY_CHECKS=@@FOREIGN_KEY_CHECKS, FOREIGN_KEY_CHECKS=0;
SET @OLD_SQL_MODE=@@SQL_MODE, SQL_MODE='ONLY_FULL_GROUP_BY,STRICT_TRANS_TABLES,NO_ZERO_IN_DATE,NO_ZERO_DATE,ERROR_FOR_DIVISION_BY_ZERO,NO_ENGINE_SUBSTITUTION';

-- -----------------------------------------------------
-- Schema prm19
-- -----------------------------------------------------
DROP SCHEMA IF EXISTS `prm19` ;

-- -----------------------------------------------------
-- Schema prm19
-- -----------------------------------------------------
CREATE SCHEMA IF NOT EXISTS `prm19` DEFAULT CHARACTER SET utf8mb4 ;
SHOW WARNINGS;
USE `prm19` ;

-- -----------------------------------------------------
-- Table `prm19`.`petstore`
-- -----------------------------------------------------
DROP TABLE IF EXISTS `prm19`.`petstore` ;

SHOW WARNINGS;
CREATE TABLE IF NOT EXISTS `prm19`.`petstore` (
  `pst_id` SMALLINT UNSIGNED NOT NULL,
  `pst_name` VARCHAR(30) NOT NULL,
  `pst_street` VARCHAR(30) NULL,
  `pst_city` VARCHAR(30) NOT NULL,
  `pst_state` CHAR(2) NOT NULL,
  `pst_zip` CHAR(9) NOT NULL,
  `pst_phone` BIGINT UNSIGNED NOT NULL,
  `pst_email` VARCHAR(100) NOT NULL,
  `pst_url` VARCHAR(100) NOT NULL,
  `pst_ytd_sales` DECIMAL(10,2) UNSIGNED NOT NULL,
  `pst_notes` VARCHAR(255) NULL,
  PRIMARY KEY (`pst_id`))
ENGINE = InnoDB;

SHOW WARNINGS;

-- -----------------------------------------------------
-- Table `prm19`.`customer`
-- -----------------------------------------------------
DROP TABLE IF EXISTS `prm19`.`customer` ;

SHOW WARNINGS;
CREATE TABLE IF NOT EXISTS `prm19`.`customer` (
  `cus_id` SMALLINT UNSIGNED NOT NULL,
  `cus_fname` VARCHAR(15) NOT NULL,
  `cus_lname` VARCHAR(30) NOT NULL,
  `cus_street` VARCHAR(30) NOT NULL,
  `cus_city` VARCHAR(30) NOT NULL,
  `cus_state` CHAR(2) NOT NULL,
  `cus_zip` CHAR(9) NOT NULL,
  `cus_phone` BIGINT UNSIGNED NOT NULL,
  `cus_email` VARCHAR(100) NOT NULL,
  `cus_balance` DECIMAL(8,2) UNSIGNED NOT NULL,
  `cus_total_sales` DECIMAL(8,2) UNSIGNED NOT NULL,
  `cus_notes` VARCHAR(255) NULL,
  PRIMARY KEY (`cus_id`))
ENGINE = InnoDB;

SHOW WARNINGS;

-- -----------------------------------------------------
-- Table `prm19`.`pet`
-- -----------------------------------------------------
DROP TABLE IF EXISTS `prm19`.`pet` ;

SHOW WARNINGS;
CREATE TABLE IF NOT EXISTS `prm19`.`pet` (
  `pet_id` SMALLINT UNSIGNED NOT NULL AUTO_INCREMENT,
  `pst_id` SMALLINT UNSIGNED NOT NULL,
  `cus_id` SMALLINT UNSIGNED NULL,
  `pet_type` VARCHAR(45) NOT NULL,
  `pet_sex` ENUM('m', 'f') NOT NULL,
  `pet_cost` DECIMAL(6,2) NOT NULL COMMENT 'Pet store cost',
  `pet_price` DECIMAL(6,2) NOT NULL COMMENT 'What the pet sold for',
  `pet_age` TINYINT NOT NULL,
  `pet_color` VARCHAR(30) NOT NULL,
  `pet_sale_date` DATE NULL,
  `pet_vaccine` ENUM('y', 'n') NOT NULL,
  `pet_neuter` ENUM('y', 'n') NOT NULL,
  `pet_notes` VARCHAR(255) NOT NULL,
  PRIMARY KEY (`pet_id`),
  INDEX `fk_pet_customer_idx` (`cus_id` ASC) VISIBLE,
  INDEX `fk_pet_petstore1_idx` (`pst_id` ASC) VISIBLE,
  CONSTRAINT `fk_pet_customer`
    FOREIGN KEY (`cus_id`)
    REFERENCES `prm19`.`customer` (`cus_id`)
    ON DELETE CASCADE
    ON UPDATE CASCADE,
  CONSTRAINT `fk_pet_petstore1`
    FOREIGN KEY (`pst_id`)
    REFERENCES `prm19`.`petstore` (`pst_id`)
    ON DELETE CASCADE
    ON UPDATE CASCADE)
ENGINE = InnoDB;

SHOW WARNINGS;

SET SQL_MODE=@OLD_SQL_MODE;
SET FOREIGN_KEY_CHECKS=@OLD_FOREIGN_KEY_CHECKS;
SET UNIQUE_CHECKS=@OLD_UNIQUE_CHECKS;

-- -----------------------------------------------------
-- Data for table `prm19`.`petstore`
-- -----------------------------------------------------
START TRANSACTION;
USE `prm19`;
INSERT INTO `prm19`.`petstore` (`pst_id`, `pst_name`, `pst_street`, `pst_city`, `pst_state`, `pst_zip`, `pst_phone`, `pst_email`, `pst_url`, `pst_ytd_sales`, `pst_notes`) VALUES (1, 'Furry Friends', '123 Main St.', 'Denver', 'CO', '675839573', 7879451009, 'furryfriends@gmail.com', 'http://www.furryfriends.com', 30000, 'notes1');
INSERT INTO `prm19`.`petstore` (`pst_id`, `pst_name`, `pst_street`, `pst_city`, `pst_state`, `pst_zip`, `pst_phone`, `pst_email`, `pst_url`, `pst_ytd_sales`, `pst_notes`) VALUES (2, 'Feathers and Felines', '222 Side St.', 'Boulder', 'CO', '462899875', 6689940290, 'feathersandfelines@hotmail.com', 'http://www.feathersandfelines.com', 14000, 'notes2');
INSERT INTO `prm19`.`petstore` (`pst_id`, `pst_name`, `pst_street`, `pst_city`, `pst_state`, `pst_zip`, `pst_phone`, `pst_email`, `pst_url`, `pst_ytd_sales`, `pst_notes`) VALUES (3, 'Kitty Palace', '13 Park Ave', 'Chicago', 'IL', '098789432', 4847681225, 'kittypalace@yahoo.com', 'http://www.KittyPalace.com', 5000, 'notes3');
INSERT INTO `prm19`.`petstore` (`pst_id`, `pst_name`, `pst_street`, `pst_city`, `pst_state`, `pst_zip`, `pst_phone`, `pst_email`, `pst_url`, `pst_ytd_sales`, `pst_notes`) VALUES (4, 'Puppy Paradise', '3029 Greenway Dr.', 'Colombus', 'OH', '658333226', 8671223458, 'puppyparadise@aol.com', 'http://www.puppyparadise.com', 55000, 'notes4');
INSERT INTO `prm19`.`petstore` (`pst_id`, `pst_name`, `pst_street`, `pst_city`, `pst_state`, `pst_zip`, `pst_phone`, `pst_email`, `pst_url`, `pst_ytd_sales`, `pst_notes`) VALUES (5, 'Pawprints in The Sand', '554 Maple St.', 'New York', 'NY', '748898986', 9893787776, 'pawprintsinthesand@icloud.com', 'http://www.PawprintsInTheSand.com', 34000, 'notes5');
INSERT INTO `prm19`.`petstore` (`pst_id`, `pst_name`, `pst_street`, `pst_city`, `pst_state`, `pst_zip`, `pst_phone`, `pst_email`, `pst_url`, `pst_ytd_sales`, `pst_notes`) VALUES (6, 'Two Turtle Doves', '1001 Rainbow Rd.', 'Raleigh', 'NC', '226152345', 7664566543, 'andApartridge@gmail.com', 'http://www.2TurtleDoves.com', 12000, 'notes6');
INSERT INTO `prm19`.`petstore` (`pst_id`, `pst_name`, `pst_street`, `pst_city`, `pst_state`, `pst_zip`, `pst_phone`, `pst_email`, `pst_url`, `pst_ytd_sales`, `pst_notes`) VALUES (7, 'Aquatic Animal Nursery', '80 Sunshine Blvd.', 'L.A.', 'CA', '109847533', 6749287564, 'aan@yahoo.com', 'http://www.aquaticanimalnursery.com', 78000, 'notes7');
INSERT INTO `prm19`.`petstore` (`pst_id`, `pst_name`, `pst_street`, `pst_city`, `pst_state`, `pst_zip`, `pst_phone`, `pst_email`, `pst_url`, `pst_ytd_sales`, `pst_notes`) VALUES (8, 'Exotic Fish Inc.', '7678 Candy Cane Lane', 'Washington', 'OR', '109090807', 2978756374, 'exofish@yahoo.com', 'http://www.ExoticFish.com', 88000, 'notes8');
INSERT INTO `prm19`.`petstore` (`pst_id`, `pst_name`, `pst_street`, `pst_city`, `pst_state`, `pst_zip`, `pst_phone`, `pst_email`, `pst_url`, `pst_ytd_sales`, `pst_notes`) VALUES (9, 'Rodent Relocators', '500 Chapel St.', 'Tallahassee', 'Fl', '009872234', 8509837688, 'rodentrelocators@icloud.com', 'http://www.rodentrelocators.com', 94000, 'notes9');
INSERT INTO `prm19`.`petstore` (`pst_id`, `pst_name`, `pst_street`, `pst_city`, `pst_state`, `pst_zip`, `pst_phone`, `pst_email`, `pst_url`, `pst_ytd_sales`, `pst_notes`) VALUES (10, 'Big Dog Rescue', '800 Basin st.', 'Tallahassee', 'FL', '789680982', 8509927755, 'bigdogrescue@hotmail.com', 'http://www.bigdogrescue.com', 63000, 'notes10');

COMMIT;


-- -----------------------------------------------------
-- Data for table `prm19`.`customer`
-- -----------------------------------------------------
START TRANSACTION;
USE `prm19`;
INSERT INTO `prm19`.`customer` (`cus_id`, `cus_fname`, `cus_lname`, `cus_street`, `cus_city`, `cus_state`, `cus_zip`, `cus_phone`, `cus_email`, `cus_balance`, `cus_total_sales`, `cus_notes`) VALUES (1, 'Samantha', 'Brown', '224 Curvy Dr.', 'Tallahassee', 'FL', '323047765', 8509367756, 'curvydr@gmail.com', 125.77, 888.43, 'notes1');
INSERT INTO `prm19`.`customer` (`cus_id`, `cus_fname`, `cus_lname`, `cus_street`, `cus_city`, `cus_state`, `cus_zip`, `cus_phone`, `cus_email`, `cus_balance`, `cus_total_sales`, `cus_notes`) VALUES (2, 'Carter', 'Jackson', '1009 Niagra Falls St.', 'Columbus', 'OH', '833547298', 6573927492, 'cj55@hotmail.com', 100.03, 123.65, 'notes2');
INSERT INTO `prm19`.`customer` (`cus_id`, `cus_fname`, `cus_lname`, `cus_street`, `cus_city`, `cus_state`, `cus_zip`, `cus_phone`, `cus_email`, `cus_balance`, `cus_total_sales`, `cus_notes`) VALUES (3, 'Renee', 'Marie', '88 Seminole Ln.', 'Raleigh', 'NC', '009871115', 4448292749, 'MarieRen@yahoo.com', 27.40, 12347.22, 'notes3');
INSERT INTO `prm19`.`customer` (`cus_id`, `cus_fname`, `cus_lname`, `cus_street`, `cus_city`, `cus_state`, `cus_zip`, `cus_phone`, `cus_email`, `cus_balance`, `cus_total_sales`, `cus_notes`) VALUES (4, 'Zoey', 'Cyrus', '21 Sandy dr.', 'Los Angeles', 'CA', '827190087', 7583927499, 'CyrusZoey@icloud.com', 8.68, 97.12, 'notes4');
INSERT INTO `prm19`.`customer` (`cus_id`, `cus_fname`, `cus_lname`, `cus_street`, `cus_city`, `cus_state`, `cus_zip`, `cus_phone`, `cus_email`, `cus_balance`, `cus_total_sales`, `cus_notes`) VALUES (5, 'Ariana', 'Grande', '777 Elm St.', 'Tampa', 'FL', '055436564', 9028756488, 'ArianaG@gmail.com', 3300.21, 20000.13, 'notes5');
INSERT INTO `prm19`.`customer` (`cus_id`, `cus_fname`, `cus_lname`, `cus_street`, `cus_city`, `cus_state`, `cus_zip`, `cus_phone`, `cus_email`, `cus_balance`, `cus_total_sales`, `cus_notes`) VALUES (6, 'Susanne', 'Miller', '8282 Bryer Dr.', 'Sacramento', 'CA', '866322113', 5467888290, 'SuzyMills@aol.com', 1000.12, 345.65, 'notes6');
INSERT INTO `prm19`.`customer` (`cus_id`, `cus_fname`, `cus_lname`, `cus_street`, `cus_city`, `cus_state`, `cus_zip`, `cus_phone`, `cus_email`, `cus_balance`, `cus_total_sales`, `cus_notes`) VALUES (7, 'Barbara', 'Striesand', '7380 Diamond Dr.', 'Pheonix', 'AZ', '118475635', 2228490283, 'callingallbarbs@yahoo.com', 683.29, 222.12, 'notes7');
INSERT INTO `prm19`.`customer` (`cus_id`, `cus_fname`, `cus_lname`, `cus_street`, `cus_city`, `cus_state`, `cus_zip`, `cus_phone`, `cus_email`, `cus_balance`, `cus_total_sales`, `cus_notes`) VALUES (8, 'Chloe', 'Hill', '991 Mercury St.', 'Washington', 'OR', '758392102', 2276456378, 'ChloHill9@yahoo.com', 17.82, 12.04, 'notes8');
INSERT INTO `prm19`.`customer` (`cus_id`, `cus_fname`, `cus_lname`, `cus_street`, `cus_city`, `cus_state`, `cus_zip`, `cus_phone`, `cus_email`, `cus_balance`, `cus_total_sales`, `cus_notes`) VALUES (9, 'Latoya', 'Jackson', '7007 Tempest Blvd.', 'Miami', 'FL', '017394759', 8673645781, 'LatoyaJ@hotmail.com', 73.88, 23017.59, 'notes9');
INSERT INTO `prm19`.`customer` (`cus_id`, `cus_fname`, `cus_lname`, `cus_street`, `cus_city`, `cus_state`, `cus_zip`, `cus_phone`, `cus_email`, `cus_balance`, `cus_total_sales`, `cus_notes`) VALUES (10, 'Thomas', 'Moore', '241 Yellow St.', 'Atlanta', 'GA', '374828197', 8826578465, 'MooreT@icould.com', 321.42, 600.34, 'notes10');

COMMIT;


-- -----------------------------------------------------
-- Data for table `prm19`.`pet`
-- -----------------------------------------------------
START TRANSACTION;
USE `prm19`;
INSERT INTO `prm19`.`pet` (`pet_id`, `pst_id`, `cus_id`, `pet_type`, `pet_sex`, `pet_cost`, `pet_price`, `pet_age`, `pet_color`, `pet_sale_date`, `pet_vaccine`, `pet_neuter`, `pet_notes`) VALUES (DEFAULT, 1, 5, 'British Shorthair', 'm', 240, 300, 1, 'black', NULL, 'y', 'n', 'notes1');
INSERT INTO `prm19`.`pet` (`pet_id`, `pst_id`, `cus_id`, `pet_type`, `pet_sex`, `pet_cost`, `pet_price`, `pet_age`, `pet_color`, `pet_sale_date`, `pet_vaccine`, `pet_neuter`, `pet_notes`) VALUES (DEFAULT, 2, 2, 'Toy Poodle', 'm', 600, 675, 2, 'black', '2015-09-13', 'y', 'n', 'notes2');
INSERT INTO `prm19`.`pet` (`pet_id`, `pst_id`, `cus_id`, `pet_type`, `pet_sex`, `pet_cost`, `pet_price`, `pet_age`, `pet_color`, `pet_sale_date`, `pet_vaccine`, `pet_neuter`, `pet_notes`) VALUES (DEFAULT, 3, 5, 'Clownfish', 'f', 35, 100, 2, 'white/orange', '2017-03-18', 'n', 'y', 'notes3');
INSERT INTO `prm19`.`pet` (`pet_id`, `pst_id`, `cus_id`, `pet_type`, `pet_sex`, `pet_cost`, `pet_price`, `pet_age`, `pet_color`, `pet_sale_date`, `pet_vaccine`, `pet_neuter`, `pet_notes`) VALUES (DEFAULT, 4, 3, 'Pufferfish', 'f', 76, 100, 3, 'yellow', '2017-12-23', 'n', 'n', 'notes4');
INSERT INTO `prm19`.`pet` (`pet_id`, `pst_id`, `cus_id`, `pet_type`, `pet_sex`, `pet_cost`, `pet_price`, `pet_age`, `pet_color`, `pet_sale_date`, `pet_vaccine`, `pet_neuter`, `pet_notes`) VALUES (DEFAULT, 5, NULL, 'Cockatiel', 'f', 200, 245, 1, 'grey', '2020-10-30', 'n', 'y', 'notes5');
INSERT INTO `prm19`.`pet` (`pet_id`, `pst_id`, `cus_id`, `pet_type`, `pet_sex`, `pet_cost`, `pet_price`, `pet_age`, `pet_color`, `pet_sale_date`, `pet_vaccine`, `pet_neuter`, `pet_notes`) VALUES (DEFAULT, 6, 7, 'Toocan', 'm', 400, 525, 3, 'black/white', '2019-11-01', 'n', 'y', 'notes6');
INSERT INTO `prm19`.`pet` (`pet_id`, `pst_id`, `cus_id`, `pet_type`, `pet_sex`, `pet_cost`, `pet_price`, `pet_age`, `pet_color`, `pet_sale_date`, `pet_vaccine`, `pet_neuter`, `pet_notes`) VALUES (DEFAULT, 7, 9, 'Rattlesnake', 'f', 450, 600, 2, 'brown', NULL, 'y', 'y', 'notes7');
INSERT INTO `prm19`.`pet` (`pet_id`, `pst_id`, `cus_id`, `pet_type`, `pet_sex`, `pet_cost`, `pet_price`, `pet_age`, `pet_color`, `pet_sale_date`, `pet_vaccine`, `pet_neuter`, `pet_notes`) VALUES (DEFAULT, 8, 2, 'Pitbull', 'm', 340, 605, 2, 'brown', '2017-08-27', 'y', 'n', 'notes8');
INSERT INTO `prm19`.`pet` (`pet_id`, `pst_id`, `cus_id`, `pet_type`, `pet_sex`, `pet_cost`, `pet_price`, `pet_age`, `pet_color`, `pet_sale_date`, `pet_vaccine`, `pet_neuter`, `pet_notes`) VALUES (DEFAULT, 9, 1, 'Dalmation', 'f', 465, 560, 1, 'black/white', '2020-09-14', 'n', 'n', 'notes9');
INSERT INTO `prm19`.`pet` (`pet_id`, `pst_id`, `cus_id`, `pet_type`, `pet_sex`, `pet_cost`, `pet_price`, `pet_age`, `pet_color`, `pet_sale_date`, `pet_vaccine`, `pet_neuter`, `pet_notes`) VALUES (DEFAULT, 10, 4, 'Hedgehog', 'm', 125, 200, 4, 'brown', '2020-07-25', 'y', 'y', 'notes10');

COMMIT;

